Category - this is a dummy column;Filename;calibration;Charge;Live time (%);current (nA);CaK;TiK;MnK;FeK;NiK;CuK;BrK;AgK;AuL;HgL;PbL;BiL
This is a dummy line;-;-;-;-;-;-;-;-;-;-;-;-;-;-;-;-;-
2;16out001.spe;cal1.txt;20;0.683;15;0;0;0;0;0;6.4131;0;102.0663;1.1361;0;0.5273;0
2;16out002.spe;cal1.txt;20;0.683;15;0;0;0;0;0;6.2072;0;105.7881;1.1763;0;0.486;0
2;16out003.spe;cal1.txt;20;0.683;15;0;0;0;0;0;2.5626;0;116.2076;0.7322;0.3687;0.3416;0.005539
2;16out004.spe;cal1.txt;20;0.683;15;0;0;0;0;0;2.2452;0;118.9985;0.7223;0.3455;0.3004;0
2;16out005.spe;cal1.txt;20;0.683;15;0;0;0;0;0;2.3729;0;86.5069;0.5216;0.07035;0.1107;0.005084
2;16out006.spe;cal1.txt;20;0.683;15;0;0;0;0;0;2.6537;0;95.5906;0.7204;0.1332;0.181;0.007475
2;16out007.spe;cal1.txt;20;0.683;15;0;0;0;0;0;5.0784;0;90.8175;0.4306;0.02405;0.2333;0.00413
2;16out008.spe;cal1.txt;20;0.683;15;0;0;0;0;0;3.9475;0;85.0932;0.3644;0.02456;0.2061;0.005467
2;16out009.spe;cal1.txt;20;0.683;15;0;0;0;0;0;2.0938;0;95.2085;0.6659;0.1349;0.1645;0
2;16out010.spe;cal1.txt;20;0.683;15;0;0;0;0;0;1.702;0;95.583;0.726;0.115;0.106;0
0;16out011.spe;cal1.txt;20;0.683;15;0;0;0;0;0;7.9689;0;23.2828;0.1965;0.008897;0.1246;0.006704
0;16out012.spe;cal1.txt;20;0.683;15;0;0;0;0;0;11.3293;0;42.2267;0.4141;0.007643;0.2051;0.006558
2;16out013.spe;cal1.txt;20;0.683;15;0;0;0;0;0;1.4641;0;103.4588;0.6459;0.356;0.2708;0.003462
2;16out014.spe;cal1.txt;20;0.683;15;0;0;0;0;0;1.1469;0;108.4385;0.7367;0.4055;0.2181;0
2;16out015.spe;cal1.txt;20;0.683;15;0;0;0;0;0;5.3995;0;97.6072;1.0178;0;0.4411;0
2;16out016.spe;cal1.txt;20;0.683;15;0;0;0;0;0;4.9557;0;85.7277;0.894;0;0.4201;0
2;16out020.spe;cal1.txt;20;0.683;15;0;0;0;0;0;4.2035;0;100.6598;0.5885;0.03003;0.5419;0.0286
2;16out021.spe;cal1.txt;20;0.683;15;0;0;0;0;0;3.8143;0;105.2257;0.6377;0.02386;0.6501;0.0346
2;16out022.spe;cal1.txt;20;0.683;15;0;0;0;0;0;0.995;0;101.2402;0.7849;0.03902;0.306;0.02134
2;16out023.spe;cal1.txt;20;0.683;15;0;0;0;0;0;0.8521;0;100.4067;1.0373;0.03882;0.2114;0.02016
2;16out024.spe;cal1.txt;20;0.683;15;0;0;0;0;0;2.2813;0;108.693;0.7636;0.03716;0.323;0.005448
2;16out025.spe;cal1.txt;20;0.683;15;0;0;0;0;0;1.912;0;91.0435;0.5946;0.03259;0.2625;0.007024
2;16out026.spe;cal1.txt;20;0.683;15;0;0;0;0;0;4.308;0;108.9009;0.731;0.0255;1.0879;0.02182
2;16out027.spe;cal1.txt;20;0.683;15;0;0;0;0;0;5.6396;0;105.7121;0.7476;0.0307;1.0508;0.02022
2;16out028.spe;cal1.txt;20;0.683;15;0;0;0;0;0;4.9285;0;104.1706;0.836;0.02988;0.4217;0.0137
2;16out029.spe;cal1.txt;20;0.683;15;0;0;0;0;0;3.4519;0;95.6576;0.708;0.02632;0.4024;0.01343
2;16out030.spe;cal1.txt;20;0.683;15;0;0;0;0;0;3.0581;0;111.3807;0.894;0.04672;0.5047;0.0142
2;16out031.spe;cal1.txt;20;0.683;15;0;0;0;0;0;2.9833;0;108.5407;0.848;0.03292;0.763;0.02177
2;16out032.spe;cal1.txt;20;0.683;15;0;0;0;0;0;1.8693;0;113.1245;0.4683;0.01755;0.221;0.03754
2;16out033.spe;cal1.txt;20;0.683;15;0;0;0;0;0;2.6575;0;114.3819;0.4202;0.02233;0.3038;0.05159
2;16out035.spe;cal1.txt;20;0.683;15;0;0;0;0;0;6.3267;0;97.2051;0.5339;0.02391;0.1454;0.01457
2;16out036.spe;cal1.txt;20;0.683;15;0;0;0;0;0;5.8654;0;98.3214;0.4676;0.01543;0.1906;0.01785
2;16out037.spe;cal1.txt;20;0.683;15;0;0;0;0;0;3.4258;0;96.2434;0.3799;0.05545;0.249;0.02607
2;16out038.spe;cal1.txt;20;0.683;15;0;0;0;0;0;2.5192;0;99.7624;0.3955;0.05949;0.2303;0.02924
2;16out039.spe;cal1.txt;20;0.683;15;0;0;0;0;0;2.8284;0;109.5813;0.09642;0.03127;0.1047;0.05672
2;16out040.spe;cal1.txt;20;0.683;15;0;0;0;0;0;3.1762;0;107.1172;0.09298;0.02952;0.1115;0.06774
2;16out051.spe;cal1.txt;20;0.683;15;0;0;0;0;0;5.2099;0;101.5108;0.07854;0.05238;0.9169;0
2;16out052.spe;cal1.txt;20;0.683;15;0;0;0;0;0;4.5433;0;107.2559;0.09462;0.09107;0.9486;0.006047
2;16out053.spe;cal1.txt;20;0.683;15;0;0;0;0;0;10.852;0;96.6567;0.05313;0.04217;0.6452;0.007368
2;16out054.spe;cal1.txt;20;0.683;15;0;0;0;0;0;4.7774;0;98.71;0.05145;0.04325;1.1238;0.006908
2;16out055.spe;cal1.txt;20;0.683;15;0;0;0;0;0;3.9122;0;103.7389;0.05831;0.01603;1.0608;0.1025
2;16out056.spe;cal1.txt;20;0.683;15;0;0;0;0;0;4.9708;0;95.348;0.04191;0.01852;1.385;0.1278
2;16out057.spe;cal1.txt;20;0.683;15;0;0;0;0;0;4.9362;0;105.753;0.2369;0.03882;0.9087;0
2;16out058.spe;cal1.txt;20;0.683;15;0;0;0;0;0;4.7484;0;99.832;0.2137;0.04215;1.1352;0
2;16out060.spe;cal1.txt;20;0.683;15;0;0;0;0;0;5.8458;0;93.3455;0.0897;0.07737;1.1629;0.03564
2;16out061.spe;cal1.txt;20;0.683;15;0;0;0;0;0;5.2011;0;83.2604;0.07294;0.06625;0.9412;0.03386
2;16out062.spe;cal1.txt;20;0.683;15;0;0;0;0;0;3.0686;0;98.159;0.6281;0.01624;0.5637;0.007654
2;16out063.spe;cal1.txt;20;0.683;15;0;0;0;0;0;3.1596;0;96.2746;0.5933;0.02648;0.6409;0.01033
2;16out064.spe;cal1.txt;20;0.683;15;0;0;0;0;0;5.5793;0;81.8981;0.6864;0.03366;0.7406;0
2;16out065.spe;cal1.txt;20;0.683;15;0;0;0;0;0;4.613;0;89.5494;0.7892;0.03078;0.8321;0.01746
2;16out066.spe;cal1.txt;20;0.683;15;0;0;0;0;0;3.3912;0;101.7018;0.4787;0.01989;0.3087;0.02576
2;16out067.spe;cal1.txt;20;0.683;15;0;0;0;0;0;3.6519;0;97.4553;0.4931;0.02262;0.4834;0.03652
2;16out068.spe;cal1.txt;20;0.683;15;0;0;0;0;0;4.7199;0;89.0963;0.1454;0.04293;1.1339;0
2;16out069.spe;cal1.txt;20;0.683;15;0;0;0;0;0;4.7713;0;77.0836;0.126;0.0203;0.9371;0
2;16out070.spe;cal1.txt;20;0.683;15;0;0;0;0;0;4.9523;0;98.3477;0.3862;0.06249;1.332;0.01269
2;16out071.spe;cal1.txt;20;0.683;15;0;0;0;0;0;6.0449;0;93.1638;0.3764;0.03946;0.7633;0
2;16out072.spe;cal1.txt;20;0.683;15;0;0;0;0;0;3.5859;0;103.8726;0.07466;0.0528;0.5379;0.03025
2;16out073.spe;cal1.txt;20;0.683;15;0;0;0;0;0;3.2191;0;96.5875;0.06781;0.06595;0.5448;0.03252
2;16out076.spe;cal1.txt;20;0.683;15;0;0;0;0;0;4.2344;0;118.6644;0.03346;0.06828;0.2371;0.2042
2;16out077.spe;cal1.txt;20;0.683;15;0;0;0;0;0;3.9967;0;106.4743;0.02941;0.05041;0.2333;0.207
2;16out078.spe;cal1.txt;20;0.683;15;0;0;0;0;0;3.6564;0;110.6034;0.2439;0.02558;0.3851;0.3716
2;16out079.spe;cal1.txt;20;0.683;15;0;0;0;0;0;1.6752;0;97.2456;0.3113;0.03696;0.3686;0.3971
2;16out080.spe;cal1.txt;20;0.683;15;0;0;0;0;0;3.1098;0;116.1563;0.602;0.009177;0.2387;0.08084
2;16out081.spe;cal1.txt;20;0.683;15;0;0;0;0;0;2.4383;0;119.3319;0.5265;0.01194;0.1416;0.04793
2;16out082.spe;cal1.txt;20;0.683;15;0;0;0;0;0;2.164;0;110.4963;0.9285;0.008628;0.2679;0.02139
2;16out083.spe;cal1.txt;20;0.683;15;0;0;0;0;0;2.4397;0;107.1321;0.6609;0.02025;0.2352;0.02042
2;16out084.spe;cal1.txt;20;0.683;15;0;0;0;0;0;3.6923;0;98.8024;0.1431;0;0.8422;0.101
2;16out085.spe;cal1.txt;20;0.683;15;0;0;0;0;0;1.7077;0;91.3058;0.1726;0;0.7037;0.08719
2;16out086.spe;cal1.txt;20;0.683;15;0;0;0;0;0;0.03398;0;131.9639;0.00947;0;0.03954;0.004677
2;16out087.spe;cal1.txt;20;0.683;15;0;0;0;0;0;0.05516;0;127.5745;0.007892;0;0.03682;0
2;16out088.spe;cal1.txt;20;0.683;15;0;0;0;0;0;3.0145;0;101.5577;0.4753;0.03336;0.2229;0.02436
2;16out089.spe;cal1.txt;20;0.683;15;0;0;0;0;0;3.5256;0;103.5898;0.4863;0.04585;0.3516;0.04448
2;16out092.spe;cal1.txt;20;0.683;15;0;0;0;0;0;4.5033;0;107.1442;0.03217;0.1171;0.2349;0.01053
2;16out093.spe;cal1.txt;20;0.683;15;0;0;0;0;0;3.4368;0;106.5379;0.02598;0.1074;0.235;0.01034
2;16out094.spe;cal1.txt;20;0.683;15;0;0;0;0;0;3.2935;0;101.556;0.2566;0.03057;0.4986;0.08329
2;16out095.spe;cal1.txt;20;0.683;15;0;0;0;0;0;4.4229;0;102.3687;0.2281;0.05736;0.6179;0.08867
2;16out096.spe;cal1.txt;20;0.683;15;0;0;0;0;0;3.4244;0;100.9943;0.01732;0.02856;0.2716;0.1135
2;16out097.spe;cal1.txt;20;0.683;15;0;0;0;0;0;3.957;0;106.2593;0.02206;0.04294;0.2787;0.121
2;16out098.spe;cal1.txt;20;0.683;15;0;0;0;0;0;2.124;0;107.7238;0.1585;0.04049;0.277;0.02441
2;16out099.spe;cal1.txt;20;0.683;15;0;0;0;0;0;2.9589;0;102.811;0.1532;0.05404;0.3486;0.0196
2;16out100.spe;cal1.txt;20;0.683;15;0;0;0;0;0;1.8999;0;110.9444;0.02915;0.02125;0.4415;0.06315
2;16out101.spe;cal1.txt;20;0.683;15;0;0;0;0;0;2.6435;0;101.6489;0.01762;0.005712;0.3488;0.05963
0;16out102.spe;cal1.txt;20;0.683;15;0;0;0;0;0;5.1052;0;95.3133;0.955;0;0.4304;0
0;16out103.spe;cal1.txt;20;0.683;15;0;0;0;0;0;4.9405;0;92.5044;0.9247;0;0.4204;0
2;16out105.spe;cal1.txt;20;0.683;15;0;0;0;0;0;5.6846;0;106.0285;0.04044;0;0.04794;0.004145
2;16out106.spe;cal1.txt;20;0.683;15;0;0;0;0;0;3.4399;0;112.2581;0.009519;0;0.04654;0
2;16out107.spe;cal1.txt;20;0.683;15;0;0;0;0;0;3.5685;0;104.7627;0.004112;0.01113;0.08871;0.01901
2;16out108.spe;cal1.txt;20;0.683;15;0;0;0;0;0;1.7693;0;88.8024;0.006415;0.01682;0.09746;0.02085
2;16out109.spe;cal1.txt;20;0.683;15;0;0;0;0;0;2.4537;0;99.0361;0.3183;0;0.1977;0.05021
2;16out110.spe;cal1.txt;20;0.683;15;0;0;0;0;0;2.2561;0;110.066;0.3025;0;0.276;0.08534
0;16out111.spe;cal1.txt;20;0.683;15;0;0;0;0;0;0.4813;0;7.1374;0.01232;0.01111;0.0302;0.01171
2;16out112.spe;cal1.txt;20;0.683;15;0;0;0;0;0;4.7404;0;80.0566;0.1162;0.05741;0.2822;0.1161
2;16out113.spe;cal1.txt;20;0.683;15;0;0;0;0;0;2.9663;0;96.6591;0.1327;0.04465;0.2732;0.1028
2;16out114.spe;cal1.txt;20;0.683;15;0;0;0;0;0;2.4102;0;94.2067;0.1428;0.04842;0.227;0.08692
2;16out115.spe;cal1.txt;20;0.683;15;0;0;0;0;0;0.5687;0;31.3872;0.2787;0;0.08456;0.01363
2;16out116.spe;cal1.txt;20;0.683;15;0;0;0;0;0;1.9995;0;90.8007;0.4746;0.01747;0.4067;0.06983
0;16out117.spe;cal1.txt;20;0.683;15;0;0;0;0;0;4.8579;0;85.6548;0.9041;0;0.4053;0
2;16out118.spe;cal1.txt;20;0.683;15;0;0;0;0;0;4.864;0;85.2941;0.8934;0;0.4049;0
2;16out119.spe;cal1.txt;20;0.683;15;0;0;0;0;0;2.9587;0;93.861;0.04982;0.02411;0.2496;0.02695
2;16out120.spe;cal1.txt;20;0.683;15;0;0;0;0;0;2.478;0;97.103;0.0539;0.03925;0.1947;0.02689
2;16out121.spe;cal1.txt;20;0.683;15;0;0;0;0;0;2.1799;0;102.5292;0.004719;0.04141;0.06632;0
2;16out122.spe;cal1.txt;20;0.683;15;0;0;0;0;0;2.9915;0;106.9785;0;0.03044;0.05362;0
2;16out123.spe;cal1.txt;20;0.683;15;0;0;0;0;0;3.6351;0;101.0623;0.0106;0.02657;0.1751;0.0311
2;16out124.spe;cal1.txt;20;0.683;15;0;0;0;0;0;3.2842;0;87.1758;0.005705;0.01799;0.1767;0.03247
2;16out125.spe;cal1.txt;20;0.683;15;0;0;0;0;0;4.4145;0;81.4863;0;0.01796;0.04212;0
2;16out126.spe;cal1.txt;20;0.683;15;0;0;0;0;0;3.6209;0;85.3907;0;0.01363;0.03485;0
2;16out127.spe;cal1.txt;20;0.683;15;0;0;0;0;0;2.879;0;97.4773;0.004226;0.02066;0.08039;0
2;16out128.spe;cal1.txt;20;0.683;15;0;0;0;0;0;3.3728;0;95.2512;0;0.01926;0.05786;0
2;16out129.spe;cal1.txt;20;0.683;15;0;0;0;0;0;2.5978;0;89.2546;0.1674;0.05845;1.4469;0.01874
2;16out130.spe;cal1.txt;20;0.683;15;0;0;0;0;0;2.0866;0;75.4065;0.1629;0.04986;1.2598;0.015
2;16out131.spe;cal1.txt;20;0.683;15;0;0;0;0;0;4.6049;0;87.2317;0.8507;0;0.396;0
2;16out132.spe;cal1.txt;20;0.683;15;0;0;0;0;0;4.1341;0;80.5479;0.7784;0;0.3506;0
2;16out133.spe;cal1.txt;20;0.683;15;0;0;0;0;0;2.4086;0;92.2396;0.007403;0.05755;0.06665;0
2;16out134.spe;cal1.txt;20;0.683;15;0;0;0;0;0;2.4255;0;76.7384;0.007738;0.05325;0.07392;0
2;16out135.spe;cal1.txt;20;0.683;15;0;0;0;0;0;2.4024;0;105.5089;0.01147;0.02743;0.2687;0.007651
2;16out136.spe;cal1.txt;20;0.683;15;0;0;0;0;0;2.0485;0;108.0365;0.01231;0.03907;0.2822;0.006371
2;16out137.spe;cal1.txt;20;0.683;15;0;0;0;0;0;5.6961;0;100.8788;0.04043;0;0.2328;0.04862
2;16out138.spe;cal1.txt;20;0.683;15;0;0;0;0;0;3.1865;0;110.0484;0.06311;0;0.2615;0.07052
2;16out139.spe;cal1.txt;20;0.683;15;0;0;0;0;0;3.2382;0;123.6412;0.01464;0.01923;0.06816;0.003661
2;16out140.spe;cal1.txt;20;0.683;15;0;0;0;0;0;3.2758;0;118.0954;0.01586;0.04074;0.07303;0.004124
2;16out141.spe;cal1.txt;20;0.683;15;0;0;0;0;0;3.3237;0;118.3485;0.01723;0.0307;0.05575;0
2;16out142.spe;cal1.txt;20;0.683;15;0;0;0;0;0;3.5991;0;110.0568;0.01084;0.03836;0.06987;0
2;16out143.spe;cal1.txt;20;0.683;15;0;0;0;0;0;2.1134;0;98.0584;0.223;0.01257;3.0745;0.01688
2;16out144.spe;cal1.txt;20;0.683;15;0;0;0;0;0;3.5569;0;117.6562;0.2066;0.02583;2.8434;0.0128
2;16out145.spe;cal1.txt;20;0.683;15;0;0;0;0;0;0.9096;0;124.9001;0.3019;0.01128;0.3957;0.01829
2;16out146.spe;cal1.txt;20;0.683;15;0;0;0;0;0;1.337;0;123.42;0.3505;0.01666;0.4139;0.02106
2;16out147.spe;cal1.txt;20;0.683;15;0;0;0;0;0;2.2962;0;129.9951;0.1236;0.05086;0.1732;0.02123
2;16out148.spe;cal1.txt;20;0.683;15;0;0;0;0;0;1.437;0;129.6013;0.1128;0.0566;0.1196;0.0188
2;16out150.spe;cal1.txt;20;0.683;15;0;0;0;0;0;2.2752;0;91.2014;0.01908;0.02754;0.07446;0.03276
2;16out151.spe;cal1.txt;20;0.683;15;0;0;0;0;0;1.7606;0;100.9365;0.03064;0.04198;0.07079;0.03099
2;16out152.spe;cal1.txt;20;0.683;15;0;0;0;0;0;7.8533;0;110.0961;0.05374;0.1599;0.1339;0.06556
2;16out153.spe;cal1.txt;20;0.683;15;0;0;0;0;0;7.2216;0;96.7561;0.04133;0.1106;0.1424;0.05889
2;16out154.spe;cal1.txt;20;0.683;15;0;0;0;0;0;2.4853;0;93.53;0.1636;0.08479;0.1363;0.1334
2;16out155.spe;cal1.txt;20;0.683;15;0;0;0;0;0;3.0683;0;104.2144;0.1926;0.04966;0.1493;0.1388
2;16out156.spe;cal1.txt;20;0.683;15;0;0;0;0;0;4.3945;0;102.0704;0.1816;0.0254;0.2998;0.03775
2;16out157.spe;cal1.txt;20;0.683;15;0;0;0;0;0;3.2918;0;107.6097;0.2194;0.02082;0.2382;0.03524
2;16out158.spe;cal1.txt;20;0.683;15;0;0;0;0;0;1.7369;0;114.394;0.1554;0.007431;0.064;0.1025
2;16out159.spe;cal1.txt;20;0.683;15;0;0;0;0;0;2.7751;0;110.5024;0.1284;0.009289;0.07015;0.1078
2;16out160.spe;cal1.txt;20;0.683;15;0;0;0;0;0;2.1134;0;97.6809;0.02796;0.02856;0.1278;0.1309
2;16out161.spe;cal1.txt;20;0.683;15;0;0;0;0;0;1.7881;0;107.4262;0.02807;0.01831;0.1189;0.14
2;16out162.spe;cal1.txt;20;0.683;15;0;0;0;0;0;2.865;0;99.7328;0.8857;0.02067;0.2478;0.006973
2;16out163.spe;cal1.txt;20;0.683;15;0;0;0;0;0;2.1074;0;106.4399;1.0854;0.02293;0.3227;0.009015
2;16out164.spe;cal1.txt;20;0.683;15;0;0;0;0;0;5.2873;0;94.137;0.9641;0;0.4435;0
2;16out165.spe;cal1.txt;20;0.683;15;0;0;0;0;0;5.073;0;91.7995;0.9504;0;0.4162;0
2;16out166.spe;cal1.txt;20;0.683;15;0;0;0;0;0;2.2681;0;99.4282;0.03404;0.02486;0.3362;0.0299
2;16out167.spe;cal1.txt;20;0.683;15;0;0;0;0;0;1.9613;0;98.5834;0.04677;0.03365;0.2681;0.02389
2;16out168.spe;cal1.txt;20;0.683;15;0;0;0;0;0;7.1581;0;75.6073;0.03014;0.02119;0.12;0
2;16out169.spe;cal1.txt;20;0.683;15;0;0;0;0;0;7.8766;0;80.004;0.0307;0.02256;0.112;0
2;16out170.spe;cal1.txt;20;0.683;15;0;0;0;0;0;3.6301;0;106.2162;0;0.003895;0.2019;0
2;16out171.spe;cal1.txt;20;0.683;15;0;0;0;0;0;3.4512;0;110.4104;0;0;0.2412;0
2;16out172.spe;cal1.txt;20;0.683;15;0;0;0;0;0;6.173;0;79.1306;0.008015;0.04894;0.144;0.006951
2;16out173.spe;cal1.txt;20;0.683;15;0;0;0;0;0;6.1239;0;68.8395;0;0.04006;0.1223;0
2;16out174.spe;cal1.txt;20;0.683;15;0;0;0;0;0;6.8119;0;74.9967;0.1088;0.02939;0.1029;0.01895
0;16out175.spe;cal1.txt;20;0.683;15;0;0;0;0;0;7.4758;0;59.2166;0.09925;0.01801;0.1046;0.01768
2;16out176.spe;cal1.txt;20;0.683;15;0;0;0;0;0;2.6385;0;93.2623;0;0.01848;0.3847;0
2;16out177.spe;cal1.txt;20;0.683;15;0;0;0;0;0;2.7075;0;93.2315;0.05952;0.01844;0.2907;0
2;16out178.spe;cal1.txt;20;0.683;15;0;0;0;0;0;4.9;0;85.7653;0.8859;0;0.4198;0
2;16out179.spe;cal1.txt;20;0.683;15;0;0;0;0;0;4.5313;0;82.8332;0.8461;0;0.3743;0
2;16out180.spe;cal1.txt;20;0.683;15;0;0;0;0;0;5.9455;0;101.406;1.0609;0;0.4911;0
2;16out181.spe;cal1.txt;20;0.683;15;0;0;0;0;0;4.4287;0;89.1468;0.09381;0.07252;0.1809;0.0726
2;16out182.spe;cal1.txt;20;0.683;15;0;0;0;0;0;4.8234;0;85.0221;0.09497;0.04347;0.1743;0.1023
0;16out183.spe;cal1.txt;20;0.683;15;0;0;0;0;0;6.8883;0;64.5333;0.1073;0.02604;0.237;0.09185
2;16out184.spe;cal1.txt;20;0.683;15;0;0;0;0;0;5.2001;0;76.2645;0.1229;0.02648;0.1764;0.09604
2;16out185.spe;cal1.txt;20;0.683;15;0;0;0;0;0;3.6295;0;91.2332;0.07818;0.02832;0.4553;0.09645
2;16out186.spe;cal1.txt;20;0.683;15;0;0;0;0;0;3.1171;0;91.8002;0.07536;0.03685;0.4046;0.084
2;16out187.spe;cal1.txt;20;0.683;15;0;0;0;0;0;2.9342;0;73.1075;0.1476;0.05836;0.3623;0.08721
2;16out188.spe;cal1.txt;20;0.683;15;0;0;0;0;0;2.6511;0;95.1416;0.1893;0.04907;0.4023;0.106
2;16out189.spe;cal1.txt;20;0.683;15;0;0;0;0;0;3.6164;0;91.9397;0.05856;0.02676;0.1788;0.117
2;16out190.spe;cal1.txt;20;0.683;15;0;0;0;0;0;3.8745;0;101.8763;0.09924;0.04437;0.2125;0.127
2;16out191.spe;cal1.txt;20;0.683;15;0;0;0;0;0;3.172;0;104.444;0.3627;0.03509;0.1869;0.007972
2;16out192.spe;cal1.txt;20;0.683;15;0;0;0;0;0;3.1506;0;105.1509;0.3322;0.01848;0.2439;0.01108
0;16out193.spe;cal1.txt;20;0.683;15;0;0;0;0;0;2.0249;0;50.156;0.00996;0.009833;0.1105;0.1347
2;16out194.spe;cal1.txt;20;0.683;15;0;0;0;0;0;2.8686;0;73.2794;0.02197;0.005662;0.232;0.1841
2;14dez002;cal1.txt;20;0.8435;15;0.288263189;0.008524007;0.004051571;0.045761707;0.000841731;1.668879668;0.012442205;78.36763485;0.006965027;0.035536455;0.028423237;0.082335507
2;14dez003;cal1.txt;20;0.853;15;0.222332943;0.012766706;0.002990621;0.0396483;0.000858148;1.691617819;0.008393904;76.43604924;0.004964244;0.029208675;0.031512309;0.047461899
2;14dez004;cal1.txt;20;0.8401;15;0.240090465;0.005082133;0.006731342;0.02608618;0.001101059;2.198785859;0.008582312;79.87186049;0.0053571;0.01501607;0.034025711;0.051124866
2;14dez005;cal1.txt;20;0.8345;15;0.270101857;0.012762133;0.001490713;0.062612343;0.001842421;3.040802876;0.01018574;81.05290593;0.025680048;0.027351708;0.0291432;0.106770521
2;14dez006;cal1.txt;20;0.7904;15;0.404035931;0.023241397;0.002632844;0.068130061;0.048152834;3.66333502;0;98.08052885;0.014986083;0.136766194;0.028555162;0.138537449
2;14dez007;cal1.txt;20;0.7991;15;1.450131398;0.057746214;0.017576023;0.327618571;0;3.346890252;0.004346139;83.97140533;0.016036791;0.114065824;0.04283569;0.10705794
2;14dez008;cal1.txt;20;0.7616;15;0.560661765;0.065375525;0.005406381;5.799172794;0;1.574842437;0.022905725;73.68697479;0.096310399;0.084493172;0.128019958;0.127494748
2;14dez009;cal1.txt;20;0.7981;15;0.913106127;0.042701416;0.004487533;1.318882346;0;1.109572735;0.041122666;85.25541912;0.109384789;0.044073424;0.085452951;0.060662824
2;14dez010;cal1.txt;20;0.7647;15;1.32346018;0.04182686;0.010513927;6.864129724;0;1.038184909;0.01955015;75.26788283;0.087289133;0.071465934;0.117562443;0.080816006
2;14dez011;cal1.txt;20;0.8024;15;0.968968096;0.072033898;0.004629237;0.786266201;0;2.05944666;0;85.20158275;0.1111665;2.997569791;0.156218843;0.100386341
2;14dez012;cal1.txt;20;0.7523;15;0.497873189;0.041140502;0.003198192;4.442310249;0.03898046;1.862421906;0;90.10241925;0.050245913;0.034141965;0.112455138;0.072776818
2;14dez013;cal1.txt;20;0.7686;15;0.309653916;0.022118137;0.021051262;0.24960968;1.684946656;2.455308353;0.410421546;94.04944054;0.053935727;0.044392402;0.119502992;0.069021598
2;14dez014;cal1.txt;20;0.8118;15;0.800505051;0.034164819;0.002167406;0.199494949;0;2.4672949;0.364806603;79.20386795;0.052050998;0.040342449;0.111788618;0.097560976
2;14dez015;cal1.txt;20;0.7902;15;0.10788408;0.00811187;0;0.053650974;0.002248798;2.829979752;0.002468995;98.03486459;0.07896735;0.039755758;0.099658314;0.19982283
2;14dez016;cal1.txt;20;0.7934;15;0.128812705;0.019851273;0.001546509;0.059805899;0;2.837786741;0.002080918;97.97485505;0.083942526;0.033747164;0.100705823;0.167380892
2;14dez017;cal1.txt;20;0.7848;15;0.176924057;0.010129969;0;0.060403925;0;2.714067278;0.004401758;99.78618756;0.086072885;0.038512997;0.102127931;0.169151376
2;14dez018;cal1.txt;20;0.7254;15;0.687896333;0.007409705;0;0.052867384;0.00670113;6.373035567;0;97.09112214;0.051109733;0.086090433;0.129721533;0.372484147
0;14dez019;cal1.txt;20;0.6342;15;3.499921161;0;0.003734626;0.031023336;0;13.64262062;0.057678966;73.6679281;0.087906023;0.052231157;0.215704825;0.619520656
2;14dez020;cal1.txt;20;0.734;15;0.190122616;0.002054496;0;0.035081744;0;6.766076294;0.008855586;95.2996594;0.046314714;0.065395095;0.138283379;0.460081744
2;14dez021;cal1.txt;20;0.7256;15;0.773497795;0.013009923;0;0.116041896;0;6.187155458;0.010818633;95.28679713;0.050254961;0.150496141;0.138919515;0.406904631
0;14dez022;cal1.txt;20;0.8226;15;4.94183078;0.073061026;0.01193168;0.427364454;0;2.542851933;0.454352054;68.39186725;0.129710673;0.039903963;0.161317773;0.031394359
2;14dez023;cal1.txt;10;0.881;15;0.314188422;0.029182747;0;0.067616345;0;2.119750284;0.012565267;47.7400681;0.12814983;0.010832009;0.07906924;0.047309875
2;14dez024;cal1.txt;10;0.8648;15;0.428307123;0.014535153;0;0.059898242;0;2.148820537;0.014893617;44.84944496;0.128931545;0.007716235;0.084273821;0.049340888
2;14dez025;cal1.txt;10;0.8834;15;0.848426534;0.0095789;0.001779488;0.06477247;0;1.497509622;0.010669006;37.17194929;0.033303147;0.037932986;0.166289337;0.027756396
2;14dez026;cal1.txt;10;0.8948;15;0.706750112;0.004607734;0.002143496;0.045071524;0;1.403330353;0;36.10281627;0.024888243;0.025469379;0.128296826;0.02106616
2;14dez027;cal1.txt;10;0.851;15;0.426792009;0.014606345;0.045804935;0.072561692;0;2.862984724;0;33.70258519;0.078296122;0.015440658;0.059952996;0.042032902
2;14dez028;cal1.txt;10;0.8682;15;0.931697765;0.020110574;0.113384013;0.21550334;0;2.862013361;0;35.33402442;0.075881133;0.012508639;0.063487676;0.033736466
0;14dez029;cal1.txt;10;0.9478;15;0.275374552;0.03366744;0.009265668;0.569634944;0.004726736;0.84944081;0.001869593;14.51308293;0.044946191;0.002053176;0.040535978;0.031947668
2;14dez030;cal1.txt;10;0.8718;15;0.487267722;0.011504932;0;0.096685019;0.006858224;3.465129617;0.099850883;89.35489791;0.016609314;0.052018812;0.157949071;0.041580638
2;14dez031;cal1.txt;10;0.8908;15;0.388639425;0.028345308;0.002906376;0.222496632;0;3.113156713;0;94.01773687;0.667040862;0.016142793;0.919173776;0.006861248
2;14dez032;cal1.txt;10;0.8866;15;0.394315362;0.027035867;0.00453192;0.231671554;0;3.289871419;0;90.34355967;0.600834649;0.017437401;0.795962102;0.006806903
2;14dez033;cal1.txt;10;0.888;15;7.144256757;0.066959459;0;0.3625;0;1.695045045;0.009171171;91.66126126;0.218130631;0.015202703;0.538513514;0.028130631
2;14dez034;cal1.txt;10;0.911;15;0.349176729;0.030032931;0.002164654;0.342041712;0;1.795389682;0.008511526;92.89374314;0.218660812;0.012623491;0.464873765;0.026805708
2;14dez035;cal1.txt;10;0.8828;15;0.311169008;0.041130494;0;0.153942003;0.022745809;3.195740825;0.012550974;96.02265519;0.412550974;0.019857272;1.422972361;0.009866334
2;14dez036;cal1.txt;10;0.8544;15;0.211493446;0.015695225;0;0.058286517;0.03909176;4.192298689;0.009966058;100.485721;0.424976592;0.012207397;1.569756554;0.01443118
2;14dez037;cal1.txt;10;0.898;15;0.680289532;0.041870824;0;0.684855234;0.01908686;2.770267261;0.016648107;90.81258352;0.173719376;0.018786192;0.561804009;0.079097996
2;14dez038;cal1.txt;10;0.795;15;0.672830189;0.048943396;0;0.936855346;0.013081761;2.535345912;0.091849057;92.73962264;0.113559748;0.022603774;0.632578616;0.096616352
2;14dez039;cal1.txt;10;0.7148;15;1.068410744;0.029308898;0;0.11927812;0;7.282456631;0;96.72425853;0.659065473;0.038220481;0.685506435;0
2;14dez040;cal1.txt;10;0.7332;15;0.962356792;0.022545008;0;0.097040371;0;6.516775777;0;95.59888161;0.640480087;0.037656847;0.896208402;0
2;14dez042;cal1.txt;10;0.7706;15;0.351284713;0.022060732;0.002335842;0.075798079;0.002161952;3.390994031;0.218011939;98.72995069;0.077524007;0.036984168;0.237217752;0.09426421
2;14dez043;cal1.txt;10;0.733;15;0.328922237;0.026712142;0.003523874;6.833015007;0;2.088130969;0.11585266;83.66930423;0.062496589;0.028035471;0.159345157;0.051937244
2;14dez044;cal1.txt;10;0.8566;15;1.219822554;0.083527901;0.018806911;0.694956806;0;0.968013075;0.135419099;77.04739668;0.039855242;0.015701611;0.053595611;0.078951669
2;14dez045;cal1.txt;10;0.857;15;0.878063011;0.158459743;0.01823804;1.057759627;0.004674446;1.001750292;0.108623104;73.04970828;0.03882147;0.012088681;0.071528588;0.115017503
2;14dez046;cal1.txt;10;0.811;15;0.383477189;0.007479655;0.007945746;0.192848335;0;2.193218249;0;90.51738594;0.026843403;1.960789149;0.066041924;0.059223181
2;14dez047;cal1.txt;10;0.8202;15;0.252987076;0.004942697;0;0.312728603;0;1.689831748;0;89.64740307;0.030907096;0.496830041;0.058119971;0.052475006
2;14dez048;cal1.txt;10;0.7766;15;0.362219933;0.024530003;0;0.221091939;0;3.525366984;0;94.51390677;0.101107391;0.771310842;0.300540819;0.02043523
2;14dez049;cal1.txt;10;0.7844;15;1.300739419;0.076045385;0.006652218;0.201810301;0.005699898;3.503442121;0.051746558;83.04054054;0.099196838;0.436384498;0.289138195;0.019314125
2;14dez050;cal1.txt;10;0.7454;15;1.537966193;0.047424202;0.007860209;0.370002683;0;4.376308023;0.055795546;90.94244701;0.513818084;0.028508184;0.244298363;0.009778642
2;14dez061;cal1.txt;10;0.7412;15;0.582298975;0.013734485;0;0.090744738;0;7.603480842;0;82.17228818;0.013169185;0;0.372099298;0.179438748
2;14dez062;cal1.txt;10;0.7926;15;0.372823618;0.004526874;0;0.068622256;0.013499874;5.419631592;0;85.60724199;0.012269745;0.008879637;0.302674741;0.089881403
2;14dez063;cal1.txt;10;0.7714;15;0.288955146;0.02398237;0.027832512;3.437256935;0.004443868;1.88942183;0.776899144;90.76588022;0.084016075;0.031864143;0.130152969;0.175913923
2;14dez064;cal1.txt;10;0.7834;15;0.325376564;0.047076845;0.027329589;4.034209854;0.006122032;1.704876181;0.316058208;84.30125096;0.080048507;0.037030891;0.10151902;0.138115905
2;14dez065;cal1.txt;10;0.8214;15;0.686267348;0.005726808;0.003781349;0.092208425;0;3.459094229;0.011497443;90.678841;0.199172145;0.074446068;0.18091064;0.028512296
2;14dez066;cal1.txt;10;0.783;15;0.79348659;0.009;0.004799489;0.115338442;0.007394636;4.061047254;0.006550447;94.69833972;0.232183908;0.085862069;0.201277139;0.032439336
2;14dez067;cal1.txt;10;0.8138;15;0.782010322;0.009338904;0;0.165274023;0.011721553;3.271811256;0;92.53084296;0.149913984;0.038117474;0.209756697;0.104435979
2;14dez068;cal1.txt;10;0.8038;15;0.615949241;0.029360537;0.008000746;0.454963921;0.011789002;2.614953969;0.008095297;89.4670316;0.03818114;0.024533466;0.173799453;0.073090321
2;14dez069;cal1.txt;10;0.7746;15;0.548670281;0.022553576;0.003035115;0.116924864;0.018306223;4.05925639;0;96.3831655;0.195068422;0.053266202;0.240769429;0.052685257
2;14dez070;cal1.txt;10;0.7954;15;0.657530802;0.034485793;0;0.151118934;0.017902942;3.667965803;0.007611265;94.0088006;0.228312799;0.042544632;0.201910988;0.045976867
2;14dez071;cal1.txt;10;0.7618;15;0.681149908;0.038750328;0.010480441;0.864137569;0.02370701;3.528091363;0;96.97939092;0.211735364;0.061328433;0.176686794;0.007005776
2;14dez072;cal1.txt;10;0.8044;15;0.469915465;0.025124316;0;0.24701641;0.023284436;3.839010443;0;91.45885132;0.265166584;0.040875186;0.184236698;0.007309796
2;14dez073;cal1.txt;10;0.8214;15;0.144265888;0.036109082;0;0.045483321;0.007857317;3.21670319;0;94.33747261;0.068030192;0.137448259;0.223033845;0.036474312
2;14dez075;cal1.txt;10;0.8404;15;0.325083294;0.037946216;0;0.101475488;0.016944312;3.296763446;0;98.31211328;0.378391242;0.043039029;0.571275583;0
2;14dez076;cal1.txt;10;0.8094;15;0.503088708;0.016234248;0;0.067247344;0.012750185;3.419322955;0;97.88818878;0.557573511;0.052446256;1.170249568;0
2;14dez077;cal1.txt;10;0.7978;15;0.175482577;0.026685886;0;0.148408122;0.011433943;3.333040862;0;99.01416395;0.164201554;0.027525696;0.378290298;0.127600902
2;14dez078;cal1.txt;10;0.7792;15;0.191093429;0.042120123;0;0.165169405;0.011152464;4.357417864;0;99.44699692;0.12262577;0.021586242;0.445585216;0.152977413
2;14dez079;cal1.txt;10;0.7898;15;0;0.004439099;0;0.065839453;0;4.205368448;0;84.53380603;0.921372499;0;0.325778678;0
2;14dez080;cal1.txt;10;0.8308;15;0.091369764;0.006324025;0.003074145;0.069270583;0;4.394077997;0;82.10772749;0.884448724;0;0.354718344;0
2;14dez081;cal1.txt;10;0.7934;15;0.284219813;0.00575876;0.002325435;0.020456264;0.016372574;6.084320645;0;86.81850265;0.031094026;0.028056466;0.506554071;0.128308546
2;14dez082;cal1.txt;10;0.7612;15;0.277456647;0.004708355;0.002296374;0.020178665;0.018063584;6.606673673;0.005927483;86.34971098;0.042997898;0.027207042;0.538360483;0.125814503
2;14dez083;cal1.txt;10;0.8166;15;1.873499878;0.118907666;0.046914034;2.536125398;0;2.385011021;0.003351702;83.11951996;0.349742836;0.011780554;0.361866275;0.049473426
2;14dez084;cal1.txt;10;0.7994;15;2.22166625;0.083500125;0.037615712;0.810482862;0;3.016762572;0;91.73192394;0.55991994;0.01437328;0.453965474;0.076644984
2;14dez085;cal1.txt;10;0.8298;15;0.300313329;0.017269221;0.002594601;1.378645457;0;1.939503495;0.011012292;91.38768378;0.055085563;0.0170282;0.118161003;0.01384671
2;14dez086;cal1.txt;10;0.811;15;0.571516646;0.063045623;0.004303329;3.48323058;0;1.278421702;0.019445129;84.96732429;0.05622688;0.023390875;0.12540074;0.01222688
2;14dez087;cal1.txt;10;0.8316;15;0.195646946;0.017821068;0;0.137566138;0;2.188792689;0.004939875;96.21067821;0.347282347;0.021296296;0.231601732;0.040933141
2;14dez088;cal1.txt;10;0.7788;15;0.212763225;0.015896251;0;0.139316898;0.001649974;3.664869029;0;99.20326143;0.319465845;0.039149974;0.433359014;0.072444787
2;14dez089;cal1.txt;10;0.7952;15;0.469315895;0.073667002;0;0.343938632;0;3.590794769;0.027024648;95.21541751;0.159582495;0.031287726;0.358651911;0.167002012
2;14dez090;cal1.txt;10;0.8108;15;0.426245683;0.053391712;0.006068081;0.3624815;0;3.574740997;0.007995807;94.42649235;0.19647262;0.028021707;0.35853478;0.171435619
2;14dez091;cal1.txt;10;0.826;15;0.12905569;0.01251816;0;0.088728814;0.010294189;2.126392252;0.011585956;94.69479419;0.335230024;0.021924939;0.542857143;0.011359564
2;14dez093;cal1.txt;10;0.8108;15;0.258386778;0.11223483;0.002285397;0.254316724;0;2.592994573;0;96.74185989;0.046521954;0.011551554;0.121743957;0.171682289
2;14nov034;cal1.txt;20;0.7;15;0.333571429;0.059221429;0.004095714;0.062214286;0;4.962357143;0;89.02914286;0.024328571;0.053135714;0.465428571;0.068785714
0;14nov035;cal1.txt;20;0.6395;15;1.369038311;0.09022674;0.011282252;0.216184519;0;12.08530102;0;79.29077404;0.043197811;0.054362783;0.768881939;0.106411259
2;14nov036;cal1.txt;20;0.7455;15;0.529376258;0.069550637;0.00649497;0.081891348;0;7.070892019;0.005729041;74.79242119;0.031448692;0.036083166;0.484439973;0.073574782
2;14nov037;cal1.txt;20;0.652;15;0.474616564;0.10107362;0.012055215;0.360812883;0;11.7416411;0.022116564;93.49256135;0.052292945;0.08458589;0.1375;0.217868098
2;14nov038;cal1.txt;20;0.7289;15;0.233571135;0.057367266;0.005629716;0.201536562;0;6.352037317;0.028968308;96.41596927;0.061359583;0.049766772;0.122581973;0.211551653
2;14nov039;cal1.txt;20;0.761;15;0.149014455;0.021603154;0.003627464;0.090341656;0;5.004073587;0.02044021;88.19520368;0.06542707;0.041727989;0.110249671;0.191458607
2;14nov040;cal1.txt;20;0.8196;15;0.231271352;0.015714983;0.004067838;0.105783309;0;1.478038067;0.322169351;89.78166179;0.040983407;0.016794778;0.069424109;0.128904344
2;14nov041;cal1.txt;20;0.7676;15;0.249869724;0.013340281;0.005755602;0.233520063;0;4.026380928;0.10278791;95.44990881;0.059399427;0.021541167;0.20798593;0.24830641
2;14nov042;cal1.txt;20;0.7868;15;0.385231317;0.012989324;0;1.268047789;0;2.244916116;0.135485511;94.58706151;0.068251144;0.021276055;0.121123538;0.173868836
2;14nov043;cal1.txt;20;0.8496;15;0.66825565;0.040736817;0.001517185;0.305437853;0;0.317855461;0.005752707;97.03431026;0.040719162;0.035622646;0.04353225;0.012594162
2;14nov044;cal1.txt;20;0.8139;15;0.619363558;0.024216734;0.002492935;0.312139083;0;1.735716919;0.02511365;96.56610149;0.035434329;0.049017078;0.168693943;0.053667527
2;14nov045;cal1.txt;20;0.8122;15;0.90599606;0.024759911;0;0.415599606;0;1.433760158;0.042237134;99.27647131;0.093018961;0.054752524;0.16012066;0.053755233
2;14nov046;cal1.txt;20;0.7685;15;0.569876383;0.148340924;0.027566688;2.777553676;0;1.77950553;4.022381262;69.20299284;0.109108653;0.027618738;0.146649317;0.02807417
2;14nov047;cal1.txt;20;0.777;15;0.191377091;0.016293436;0;0.990926641;0;2.971235521;0.873680824;84.86248391;0.218275418;0.043436293;0.242213642;0.05029601
2;14nov048;cal1.txt;20;0.7357;15;0.195052331;0.006493136;0.002221694;0.036285171;0;5.07985592;0.532486068;93.17527525;0.257917629;0.034314259;0.375424766;0.059134158
2;14nov049;cal1.txt;20;0.6814;15;0.094291165;0.010926035;0;0.052626945;0;7.451203405;0.003680657;103.1331817;0.125990608;0.081890226;0.168990314;0.239433519
2;14nov050;cal1.txt;20;0.7218;15;0.110626212;0.029100859;0.002170961;0.077583818;0.001832225;5.499238016;0.002735522;98.62406484;0.121778886;0.073358271;0.18162926;0.22700194
2;14nov051;cal1.txt;20;0.6905;15;0.095872556;0.011918899;0.002183925;0.053034033;0;6.601086169;0.00513034;103.201231;0.134178132;0.096886314;0.173931933;0.235409124
0;14nov052;cal1.txt;20;0.627;15;1.17599681;0.022647528;0.023596491;6.016108453;0;7.481977671;0.025414673;86.2062201;0.044154705;0.043253589;0.329824561;0.102870813
0;14nov053;cal1.txt;20;0.6287;15;1.290281533;0.019611898;0;2.899475107;0.002519485;8.45991729;0.044981708;87.03714013;0.041045014;0.048298075;0.346270081;0.122634007
2;14nov054;cal1.txt;20;0.6798;15;0.960355987;0.017269785;0.004194616;5.302662548;0;5.415931156;0.012555163;86.14776405;0.038290674;0.048565755;0.381362165;0.117461018
2;14nov055;cal1.txt;20;0.727;15;0.105295736;0.009910591;0.002759972;0.121664374;0;4.892847318;0;95.98397524;1.034181568;0;0.392984869;0
2;14nov056;cal1.txt;20;0.7395;15;0.068424611;0.004323867;0.002114943;0.06984449;0;4.745233266;0;95.2148073;1.021636241;0;0.380324544;0
2;15bfe077;cal1.txt;10;0.787;15;0;0;0;0.063189327;0;5.599110546;0;95.24701398;1.067090216;0;0.44815756;0
2;15bfe078;cal1.txt;10;0.7302;15;0.07414407;0;0;0.024185155;0;5.710627225;0;93.66598192;1.035606683;0;0.477266502;0
2;15bfe079;cal1.txt;10;0.7411;15;0;0;0;0.027985427;0;5.690325192;0;91.32910538;1.021859398;0;0.463635137;0
2;15bfe080;cal1.txt;10;0.7239;15;0;0;0;0.01849703;0;5.77759359;0;92.63130267;1.008426578;0;0.474789336;0
0;15bfe081;cal1.txt;10;0.671;15;0.414008942;0.052220566;0.004836066;0.15052161;0;9.617585693;0.48390462;63.16885246;0.151415797;0.017958271;0.74366617;0.032339791
2;15bfe082;cal1.txt;10;0.7595;15;0.317709019;0.013877551;0.004970375;0.278867676;0.005339039;3.750230415;0.293219223;83.15062541;0.228044766;0.020684661;0.598946675;0.022435813
2;15bfe083;cal1.txt;10;0.7701;15;0.713673549;0.008450851;0;0.07038047;0;4.027399039;0.039903909;83.20698611;0.123282691;0.040890793;0.213219062;0.09166342
2;15bfe084;cal1.txt;10;0.7632;15;2.404612159;0.013034591;0.002329665;0.059014675;0;4.778432914;0.06716457;75.93134172;0.1096174;0.058674004;0.164046122;0.077332285
2;15bfe085;cal1.txt;10;0.7992;15;0.245620621;0.0060498;0;0.116804304;0;3.218343343;0.028153153;64.61186186;0.022247247;0.035535536;0.14476977;0.057795295
2;15bfe086;cal1.txt;10;0.8171;15;0.288948721;0.012593318;0;0.141598336;0;2.800636397;0.080198262;61.71117366;0.015040999;0.032138049;0.113780443;0.032138049
2;15bfe087;cal1.txt;10;0.7336;15;0;0;0;0.0179253;0;5.865866957;0;93.73977644;1.03653217;0;0.477235551;0
2;15fev001;cal1.txt;10;0.7838;15;0;0;0;0.023500893;0;6.7274815;0;108.3564685;1.180147997;0;0.555498852;0
2;15fev002;cal1.txt;10;0.7936;15;0.084009577;0;0;0.059891633;0;6.156754032;0;108.4189768;1.176915323;0;0.490801411;0
2;15fev003;cal1.txt;10;0.835;15;0.093700599;0.107473054;0.00471976;0.376886228;0.001746108;2.30754491;0;110.5106587;0.017868263;0.026239521;0.206107784;0.024610778
2;15fev004;cal1.txt;10;0.8431;15;0;0.046589966;0.002404223;0.146839046;0.002240541;3.064523781;0;107.8698849;0.016285138;0.026094176;0.247776065;0.023638951
2;15fev005;cal1.txt;10;0.8735;15;0.509559244;0;0.002103034;0.027647396;0.006476245;0.527074986;0.534745278;90.53531769;0.117572982;0.034275902;0.454607899;0.034310246
2;15fev006;cal1.txt;10;0.8422;15;0.415578247;0;0.003216576;0.037402042;0.006073379;3.173236761;0.46995963;86.81940157;0.133934932;0.016575635;0.496081691;0.042733318
2;15fev007;cal1.txt;10;0.8038;15;0.621796467;0.115327196;0.009793481;0.495023638;0;5.90507589;0.004779796;96.62204528;0.103197313;0.071945758;0.58447375;0.065041055
2;15fev008;cal1.txt;10;0.7865;15;0.846280992;0.065492689;0.006770502;0.319771138;0;6.701970757;0;94.88226319;0.101093452;0.12231405;0.66993007;0.079084552
2;15fev009;cal1.txt;10;0.8525;15;0.193900293;0.021935484;0.004466862;0.115788856;0.011330205;1.099237537;1.152375367;106.3069795;0.123167155;0.107296188;0.12340176;0.008944282
2;15fev010;cal1.txt;10;0.8563;15;0.178909261;0.055062478;0.003259372;0.220950601;0.00847133;0.710615439;1.569076258;105.33563;0.11818288;0.09141656;0.115578652;0
2;15fev011;cal1.txt;10;0.7752;15;1.262254902;0.061919505;0.01119195;0.211687307;0;7.755933953;0.010834623;95.12796698;0;0.058204334;0.092053664;0
2;15fev012;cal1.txt;10;0.7853;15;0.19648542;0.022220807;0.00466828;0.086998599;0;7.887304215;0;98.62205527;0;0.081217369;0.102839679;0
2;15fev013;cal1.txt;10;0.8184;15;0.847018573;0.008032747;0.003158602;0.505987292;0.002017351;4.770650049;0;102.271261;0.145527859;0.019391496;0.245356794;0.019293744
2;15fev014;cal1.txt;10;0.8126;15;1.571621954;0.026138321;0.005001231;1.171794241;0;3.729510214;0;101.2558454;0.095680532;0.019788334;0.30679301;0.015801132
2;15fev015;cal1.txt;10;0.79;15;2.201012658;0.220506329;0.017189873;0.64556962;0;5.474303797;0.023734177;99.58772152;0.015265823;0.163291139;0.224177215;0.037126582
2;15fev016;cal1.txt;10;0.8;15;0;0;0;0.021674157;0.001477528;5.572696629;0;93.24348315;1.011910112;0;0.444269663;0
2;15fev017;cal1.txt;10;0.8676;15;0.948363301;0.075806823;0;0.241240203;0;2.461387736;0.008812817;74.99873213;0.10577455;0.064130936;0.169087137;0.019052559
2;15fev018;cal1.txt;10;0.844;15;0.23992891;0.021919431;0;0.133293839;0;3.347037915;0;63.95438389;0.104751185;0.058222749;0.257227488;0.030841232
2;15fev019;cal1.txt;10;0.8674;15;0.149527323;0.023599262;0.003237261;0.085358543;0;1.802513258;0;60.90050726;0.004911229;0.034874337;0.066658981;0
2;15fev020;cal1.txt;10;0.874;15;0.13993135;0.016212815;0.004093822;0.060011442;0.004907323;1.681464531;0;58.89828375;0.002953089;0.025617849;0.063569794;0
2;15fev021;cal1.txt;10;0.8832;15;0.234827899;0.05537817;0.002524909;0.285778986;0;1.149682971;0.396512681;51.92085598;0;0.012760417;0.069055707;0.02426404
2;15fev022;cal1.txt;10;0.8544;15;0.072120787;0;0;0.015625;0.003568586;2.476474719;0.024964888;55.74332865;0.004485019;0.011844569;0.083824906;0.032958801
2;15fev023;cal1.txt;10;0.8655;15;0.422645869;0.047764298;0;0.103489313;0;2.015829001;0.007127672;49.75239746;0;0.039087233;0.05824379;0.005718082
2;15fev024;cal1.txt;10;0.8358;15;0.132687246;0.040954774;0;0.0662838;0;3.049294089;0;52.46925102;0;0.03731754;0.061174922;0.006198851
2;15fev025;cal1.txt;10;0.8506;15;0.080343287;0.007497061;0;0.034187632;0;2.064542676;0.021667059;52.5860569;0.003900776;0.02932048;0.13566894;0.020632495
2;15fev026;cal1.txt;10;0.8627;15;0.138054944;0.007460299;0;0.061029327;0;1.69885244;0.01576446;50.08392257;0;0.035180248;0.113909818;0.012507245
2;15fev027;cal1.txt;10;0.8539;15;0.100585549;0.013350509;0;0.062770816;0;1.705703244;0.033142054;51.86953976;0;0.01685209;0.069446071;0.003882188
2;15fev028;cal1.txt;10;0.8614;15;0.174367309;0.026445322;0;0.096865568;0;1.575690736;0.067343859;50.28465289;0;0.024970977;0.062479684;0.003231948
2;15fev029;cal1.txt;10;0.8655;15;0.350202195;0.020392837;0.002835355;0.098613518;0.003529752;1.650491046;0.00418833;50.12651646;0;0.047001733;0.026828423;0
2;15fev030;cal1.txt;10;0.8513;15;0.140843416;0.014436744;0;0.071443674;0.004420298;2.155409374;0;52.72066252;0;0.039492541;0.030940914;0
2;15fev031;cal1.txt;10;0.8617;15;1.832424278;0.006492979;0.045479865;0.128118835;0.012498549;1.163049785;0.024811419;50.2635488;0.007066264;0.037437623;0.075084136;0
2;15fev032;cal1.txt;10;0.8436;15;0.193100996;0.027987198;0;0.094001897;0;2.620910384;0;52.69713134;0.087944523;0.047166904;0.210644855;0.023636795
2;15fev033;cal1.txt;10;0.821;15;0.375274056;0.040803898;0;0.103093788;0;5.58136419;0;83.0591961;0.012338611;0.324238733;0.145797808;0.030280146
2;15fev034;cal1.txt;10;0.8321;15;0.232063454;0.058899171;0.003922605;0.054068021;0;4.633818051;0;101.3958659;0;2.102752073;0.270039659;0.013856508
2;15fev035;cal1.txt;10;0.8433;15;0.415510494;0.12581525;0.006730701;0.2880351;0;2.764970947;0;95.79011028;0;5.037234673;0.155342108;0
2;15fev036;cal1.txt;10;0.7942;15;1.039788466;0.022953916;0.004507681;0.149584488;0;6.20586754;0;100.658902;0;0.053538152;0.239864014;0
0;15fev037;cal1.txt;10;0.8458;15;4.439583826;0.059895956;0.011669425;0.604516434;0.004348546;4.081461338;0.011139749;75.6807756;0;0.039028139;0.190588792;0
0;15fev038;cal1.txt;10;0.8411;15;12.19367495;0.128997741;0.044988705;1.643680894;0.003726073;2.20972536;0.202116276;82.6082511;0.172036619;0.022292236;0.102318393;0.012864107
0;15fev039;cal1.txt;10;0.8488;15;11.87452875;0.112405749;0.024022149;0.814797361;0;1.951343073;0.059660697;89.81998115;0.193449576;0.011168709;0.089184731;0.011736569
2;15fev040;cal1.txt;10;0.8501;15;0.580990472;0.014327726;0.002343254;0.161980943;0.00216798;2.699329491;0.008175509;96.74791201;0.015927538;0.048241383;0.108163745;0
2;15fev041;cal1.txt;10;0.8204;15;0.510970258;0.014151633;0.001966114;0.13505607;0;4.140419308;0;100.2573135;0.014285714;0.05710629;0.104900049;0
2;15fev042;cal1.txt;10;0.8086;15;0.21234232;0.047291615;0;0.071395004;0;6.138016325;0;100.2691071;0;0.12787534;0.0489488;0.00403908
2;15fev043;cal1.txt;10;0.8193;15;0.247772489;0.034480654;0.001987062;0.056328573;0;5.504210912;0.003906994;98.55754913;0;0.084804101;0.047992188;0
2;15fev044;cal1.txt;10;0.834;15;0.59940048;0.017961631;0.004472422;0.095251799;0.008261391;3.994604317;0;96.34892086;0;0.030815348;0.28764988;0
2;15fev045;cal1.txt;10;0.8227;15;0.627689316;0.036562538;0.0040282;0.127506989;0;4.162513674;0;97.40148292;0;0.028053969;0.257444998;0
2;15fev046;cal1.txt;10;0.8173;15;0.678942861;0.014082956;0.009514254;0.156857947;0;5.48611281;0;95.74868469;0.00589502;0.06068763;0.212284351;0
2;15fev047;cal1.txt;10;0.8207;15;0.702692823;0.009326185;0.00633971;0.103387352;0.006191056;5.240770074;0.005109053;95.80675034;0;0.046972097;0.214207384;0
2;15fev048;cal1.txt;10;0.8092;15;0.299431537;0.068203164;0.004602076;0.175605536;0;5.812778052;0;81.19933267;0.0128522;0.435615423;0.164359862;0.03329214
2;15fev049;cal1.txt;10;0.8632;15;0.873378128;0.007100324;0;0.117354032;0;1.449258573;0.012592678;89.77143188;0.086190918;0.013646895;0.146316033;0.011190918
2;15fev050;cal1.txt;10;0.8512;15;0.681508459;0;0.003777021;0.501292293;0.01;1.487664474;0.013463346;88.67034774;0.081778665;0.010922227;0.269266917;0.016694079
2;15fev051;cal1.txt;10;0.824;15;0.07815534;0.096674757;0.004514563;0.066747573;0;4.904247573;0;88.16674757;0.024817961;0.022864078;0.381796117;0.065436893
2;15fev052;cal1.txt;10;0.811;15;0.128976572;0.01197164;0;0.02054254;0;4.533292232;0.003657213;90.36658446;0.029321825;0.017422935;0.377805179;0.067940814
2;15fev053;cal1.txt;10;0.7976;15;0.235707121;0.022981444;0;3.842026078;0.007955115;3.090270812;0.045160481;71.08412738;0.040070211;0.046802909;0.450601805;0.026905717
2;15fev054;cal1.txt;10;0.8076;15;0.221644378;0.039598811;0.003730807;2.629148093;0.009047796;2.947127291;0.263992075;77.85153541;0.041134225;0.033048539;0.280089153;0.024418029
2;15fev055;cal1.txt;10;0.8289;15;0.488237423;0.027868259;0;0.156713717;0;4.143925685;0.00702256;87.65906623;0;0.064277959;0.03367113;0
2;15fev056;cal1.txt;10;0.8006;15;0.476017987;0.037846615;0;0.156382713;0;4.553834624;0.012118411;89.74394204;0;0.101336498;0.046402698;0
2;15fev057;cal1.txt;10;0.831;15;0.465583634;0.017809868;0;0.362695548;0.001683514;2.946570397;0;86.0166065;0;0.153068592;0.10299639;0
2;15fev058;cal1.txt;10;0.8364;15;1.174677188;0.045731707;0.005642037;1.242826399;0;2.079029173;0.038653754;88.54292205;0;0.18651363;0.139167862;0
2;15fev059;cal1.txt;10;0.8484;15;0.159005186;0.00608793;0;0.062010844;0;1.673267327;0.604078265;87.16819896;0.112930222;0.040346535;0.111881188;0.014733616
2;15fev060;cal1.txt;10;0.8549;15;0.252778103;0.031945257;0;0.189144929;0;1.716808984;0.530237455;76.81214177;0.09768394;0.038448941;0.147268686;0.018984677
2;15fev061;cal1.txt;10;0.819;15;0.446520147;0.117802198;0;1.023321123;0.006704518;3.666788767;0.123076923;86.10891331;0.067435897;0.050915751;0.082857143;0
2;15fev062;cal1.txt;10;0.8325;15;0.409369369;0.01581982;0.002255856;0.219339339;0.006623423;3.397477477;0.098186186;85.24144144;0.067567568;0.074414414;0.106942943;0
2;15fev063;cal1.txt;10;0.8157;15;0.636753708;0.072968003;0.00687998;0.373421601;0;3.670344489;0;93.36054922;0.184626701;0.047946549;0.43631237;0
2;15fev064;cal1.txt;10;0.803;15;0.27633873;0.037696139;0.006430884;0.130386052;0;5.046575342;0;94.94533001;0.172976339;0.085828144;0.617061021;0.007987547
2;15fev065;cal1.txt;10;0.834;15;0.439448441;0.01940048;0;0.132254197;0;2.157074341;0.011616307;92.10659472;0.123621103;0.027697842;0.089328537;0
2;15fev066;cal1.txt;10;0.8519;15;0.398990492;0.032245569;0;0.112830144;0;2.092029581;0.007325977;87.09226435;0.099319169;0;0.086113394;0.004724733
2;15fev067;cal1.txt;10;0.8148;15;0.059388807;0;0;0.034437899;0;4.696367207;0;87.89040255;0.882425135;0;0.389052528;0
2;15fev068;cal1.txt;10;0.8068;15;0.060609817;0;0;0.01694348;0;4.709965295;0;83.42488845;0.851016361;0;0.396628656;0
2;15fev069;cal1.txt;10;0.8074;15;0.277681447;0.010011147;0.00441293;0.099306416;0;4.41280654;0;78.49616052;0.153827099;0.045627942;0.220336884;0.021018083
2;15fev070;cal1.txt;10;0.8053;15;0.300633304;0.006293307;0.005549485;0.322985223;0;4.205389296;0.004977027;79.22078728;0.160312927;0.051906122;0.255681113;0.024686452
2;15fev071;cal1.txt;10;0.8243;15;0.169962392;0.033021958;0;0.076938008;0;3.212058716;0;84.06890695;0.070593231;0.051376926;0.091289579;0.145456751
2;15fev072;cal1.txt;10;0.8133;15;0.238534366;0.041706627;0;0.124431329;0;3.78531907;0;81.53965326;0.064810033;0.043981311;0.096335915;0.135866224
2;15fev073;cal1.txt;10;0.8356;15;0.460148396;0.014875539;0.00464337;0.162996649;0;2.210866443;0.015952609;81.95811393;0.099401628;0.041215893;0.323719483;0.064923408
2;15fev074;cal1.txt;10;0.832;15;0.400721154;0.00909976;0.002371394;0.073713942;0;2.683052885;0;82.42896635;0.090576923;0.042007212;0.473076923;0.082439904
2;15fev075;cal1.txt;10;0.8156;15;0.283594899;0.025956351;0.002757479;0.062089259;0;4.603727317;0.08023541;77.88376655;0.044923982;0.101961746;0.221186856;0.128126533
2;15fev076;cal1.txt;10;0.7944;15;0.20581571;0.024609768;0;0.036933535;0;5.297331319;0.03382427;80.54103726;0.076485398;0.090647029;0.242698892;0.144511581
0;15fev083;cal1.txt;10;0.8013;15;3.379133907;0.116098839;0.034506427;0.87545239;0;3.768875577;0.546986148;56.1472607;0.028516161;0.009427181;0.04062149;0.004770997
0;15fev084;cal1.txt;10;0.7417;15;3.625589861;0.105460429;0.039908319;0.958878253;0;7.593231765;0.802480787;45.7139005;0.098341648;0.02261022;0.086841041;0.007171363
2;15fev085;cal1.txt;10;0.8422;15;1.283305628;0.035799098;0.018962242;0.268463548;0.01506768;3.039895512;0;76.73402992;0;0.846829732;0.08742579;0.007419853
2;15fev086;cal1.txt;10;0.8339;15;0.978534596;0.027713155;0.012795299;0.212855258;0.004606068;2.057081185;0;77.87492505;0;1.916057081;0.07238278;0.00501499
2;15fev087;cal1.txt;10;0.8485;15;0.676134355;0.023488509;0;0.201296405;0.001344726;1.925633471;0.224631703;80.0573954;0.329994107;0.020082499;0.210724808;0.035698291
2;15fev088;cal1.txt;10;0.8359;15;0.353271922;0.013877258;0;0.094484986;0;2.30087331;0.292140208;83.33700203;0.358057184;0.017059457;0.38270128;0.080105276
2;15fev089;cal1.txt;10;0.8487;15;0.09377872;0.027783669;0.002649935;0.332744197;0.019630022;1.594438553;0;87.02639331;0.132437846;0.016130553;0.401201838;0.02355367
2;15fev090;cal1.txt;10;0.8093;15;0.106437662;0.047398987;0;0.222414432;0.013171877;3.355986655;0;87.99901149;0.141356728;0.022414432;0.750401582;0.023131101
2;15fev091;cal1.txt;10;0.8603;15;0.38916657;0.024735557;0;0.467860049;0.006173428;1.880390561;0.024968034;83.38486574;0.034336859;0.027955364;0.088666744;0.05944438
2;15fev092;cal1.txt;10;0.8568;15;0.44012605;0.041036415;0.007879318;0.553571429;0.005650093;1.897759104;0.070308123;77.6923436;0.02735761;0.044701214;0.078874883;0.058333333
2;15fev093;cal1.txt;10;0.8205;15;1.552711761;0.031273614;0.010576478;0.227422303;0;4.358561853;0.006463132;76.20036563;0.252407069;0.033260207;0.169043266;0.040329068
2;15fev094;cal1.txt;10;0.7833;15;1.855738542;0.026847951;0.010325546;0.708796119;0;6.819864675;0.006555598;79.6793055;0.301289417;0.037699477;0.203753351;0.049355292
2;15fev095;cal1.txt;10;0.8342;15;0.262047471;0.025497483;0;0.060081515;0.001322225;1.891153201;0.017609686;91.86933589;0.150563414;0.020978183;0.711939583;0.014540877
2;15fev096;cal1.txt;10;0.8467;15;0.384788;0.016463919;0.001883784;0.107428841;0.001717255;1.94460848;0.035691508;90.45742294;0.153891579;0.018589819;0.817526869;0.010298807
2;15fev097;cal1.txt;10;0.8285;15;0.306940253;0;0;0.027398914;0.006785757;2.474592637;0;92.23270972;0.292335546;0.021025951;1.452383826;0.044103802
2;15fev098;cal1.txt;10;0.829;15;0.323281062;0;0;0.032581423;0;2.760675513;0;92.27937274;0.253679131;0.014065139;1.483474065;0.050217129
2;15fev100;cal1.txt;10;0.8505;15;0.254438566;0.03329806;0.002123457;0.072851264;0;3.383186361;0;84.09606114;0.0036602;0.044209289;0.160376249;0.067960024
2;15fev101;cal1.txt;10;0.8613;15;0.388250319;0.028131894;0;0.111587136;0;2.211424591;0;82.89527458;0.004028794;0.044514107;0.115476605;0.050203181
2;15fev102;cal1.txt;10;0.8454;15;0.403832505;0.051171043;0;0.228176011;0;2.894251242;0.161580317;81.00591436;0.027489946;0.039969245;0.211615803;0.13484741
2;15fev103;cal1.txt;10;0.8593;15;0.276387757;0.019608984;0.001873618;0.13592459;0;2.587338531;0.278133364;80.65530083;0.025672059;0.035738392;0.220993832;0.144187129
2;15fev104;cal1.txt;10;0.8429;15;0.243207972;0;0;0.04734844;0;3.932850872;0.008747182;81.98979713;0.12741725;0.063317119;0.255902242;0.09092419
2;15fev105;cal1.txt;10;0.8547;15;0.564408564;0.016707617;0;0.187434187;0;2.999766;0.052825553;83.32713233;0.150813151;0.035696736;0.181233181;0.05950626
2;15fev106;cal1.txt;10;0.8125;15;0.076541538;0.034067692;0.002269538;0.057353846;0;5.820676923;0;82.12689231;0.012102154;0.063556923;0.075372308;0.009497846
2;15fev107;cal1.txt;10;0.8099;15;0.105136437;0.019916039;0.004980862;0.060760588;0;6.745030251;0;81.93579454;0.010314854;0.066748981;0.074725275;0.00805655
2;15fev108;cal1.txt;10;0.8598;15;0.506745755;0.030635031;0.013224006;1.408234473;0;1.630146546;0.007728542;82.66213073;0.00235171;0.004476622;0.094824378;0
2;15fev109;cal1.txt;10;0.8724;15;0.483264558;0.021710225;0.016139386;0.884227419;0;2.037826685;0.004682485;81.27934434;0.004703118;0.010355342;0.084846401;0
2;15fev110;cal1.txt;10;0.8574;15;0.185560998;0.01575694;0;0.066783298;0.006205972;3.053883835;0;85.69664101;0.002551901;0.042733847;0.060485188;0
2;15fev111;cal1.txt;10;0.8581;15;0.13448316;0;0;0.03712854;0.007863885;3.216524881;0.005360681;83.69199394;0.00242396;0.037909335;0.052161753;0
2;15fev112;cal1.txt;10;0.8214;15;0;0;0;0.018517166;0;5.079254931;0;90.79145362;0.92184076;0;0.420745069;0
2;15fev113;cal1.txt;10;0.817;15;0;0;0;0.008550796;0;4.966095471;0;90.24443084;0.929008568;0;0.406731946;0
